title,id,description,link,image_link,price,condition,availability,gtin,brand,size,product_type,google_product_category,unit_pricing_base_measure,unit_pricing_measure,is_bundle
La Biosthétique Sun Care Body Lotion SPF 50,002396,"Met een combinatie van effectieve, hoog gedoseerde UV-filters en celactieve, natuurlijke werkstoffen beschermt de waterbestendige, parfumvrije zonnemelk de huid tegen door de zon veroorzaakte schade. ",https://www.labiosthetique.nl/nl/sun-care-body-lotion-spf-50,https://img.labiosthetique.de/live-ecs/resize-cover/500/0/s/u/sun_care_body_lotion_spf_50_359049_200ml_eb1f61b.jpg/sun_care_body_lotion_spf_50_359049_200ml_eb1f61b.jpg,"59,00 EUR",new,in stock,4040218846799,La Biosthétique,200 ml,Huidverzorging,Health & Beauty > Personal Care > Cosmetics > Skin Care,1 l,200 ml,FALSE
La Biosthétique Visalix Clarifiant,003794,"Hydrolotion Visalix Clarifiant is bijzonder geschikt voor de gevoelige, onzuivere huid: versterkt de huidstructuur, kalmeert en geeft een stralende teint",https://www.labiosthetique.nl/nl/visalix-clarifiant,https://img.labiosthetique.de/live-ecs/resize-cover/500/0/v/i/visalix_clarifiant_248007_100ml_b4cc9f7.jpg/visalix_clarifiant_248007_100ml_b4cc9f7.jpg,"28,50 EUR",new,in stock,4040218793598,La Biosthétique,100 ml,Huidverzorging,Health & Beauty > Personal Care > Cosmetics > Skin Care,1 l,100 ml,FALSE
La Biosthétique Harmonising Wellness Tea Beutel,002142,De harmoniserende wellness-thee brengt het lichaam van binnenuit in een kalmerend evenwicht. De ingrediënten uit gecontroleerde biologische teelt zijn geïnspireerd op de populaire geursamenstelling van de Spa-lichaamsverzorging.,https://www.labiosthetique.nl/nl/harmonising-wellness-tea?childSku=4040218879698,https://img.labiosthetique.de/live-ecs/resize-cover/500/0/h/a/harmonising_wellness_tea_beutel_405842_30g_c63bcfe.jpg/harmonising_wellness_tea_beutel_405842_30g_c63bcfe.jpg,"13,00 EUR",new,in stock,4040218879698,La Biosthétique,30 g,Huidverzorging,Health & Beauty > Personal Care > Cosmetics > Skin Care,1 kg,30 g,FALSE
La Biosthétique Homme Hair Beard Body Wash,003939,"3-in-1: douchegel, shampoo en baardshampoo in één. Dit verleidelijk geurende all-in-one product reinigt mild en effectief, en is verzorgend voor huid en haar.",https://www.labiosthetique.nl/nl/hair-beard-body-wash?childSku=4040218802597,https://img.labiosthetique.de/live-ecs/resize-cover/500/0/h/o/homme_hair_beard_body_wash_247993_75ml_39d6dd2.jpg/homme_hair_beard_body_wash_247993_75ml_39d6dd2.jpg,"11,50 EUR",new,in stock,4040218802597,La Biosthétique,75 ml,"Haar- & hoofdhuidverzorging,Huidverzorging","Health & Beauty > Personal Care > Hair Care,Health & Beauty > Personal Care > Cosmetics > Skin Care",1 l,75 ml,FALSE
La Biosthétique Comforting Hydro Toner,003737,"De weldadige gezichtstonic verlicht de symptomen van een gevoelige, geïrriteerde huid, hydrateert deze rijkelijk en bereidt haar optimaal voor op de volgende verzorgingsstappen.",https://www.labiosthetique.nl/nl/comforting-hydro-toner?childSku=4040218868197,https://img.labiosthetique.de/live-ecs/resize-cover/500/0/c/o/comforting_hydro_toner_392037_50ml_8643769.jpg/comforting_hydro_toner_392037_50ml_8643769.jpg,"9,00 EUR",new,in stock,4040218868197,La Biosthétique,50 ml,Huidverzorging,Health & Beauty > Personal Care > Cosmetics > Skin Care,1 l,50 ml,FALSE
La Biosthétique Clarifying Spot Gel,002739,Zuiverende hydrogel voor een gerichte en effectieve behandeling van de aangetaste huidzones met mee-eters en puistjes.,https://www.labiosthetique.nl/nl/clarifying-spot-gel,https://img.labiosthetique.de/live-ecs/resize-cover/500/0/c/l/clarifying_spot_gel_396279_15ml_66db2a2.jpg/clarifying_spot_gel_396279_15ml_66db2a2.jpg,"29,50 EUR",new,in stock,4040218882797,La Biosthétique,15 ml,Huidverzorging,Health & Beauty > Personal Care > Cosmetics > Skin Care,1 l,15 ml,FALSE
La Biosthétique Sun Care Stick SPF 50+,002628,De zacht smeltende zonnebrandcrème met SPF 50+ beschermt de gevoelige gezichts- en lichaamshuid uitgebreid tegen zonnebrand en diepere schade door UV-straling. ,https://www.labiosthetique.nl/nl/sun-care-stick-spf-50,https://img.labiosthetique.de/live-ecs/resize-cover/500/0/s/u/sun_care_stick_spf_50_248079_8g_405648b.jpg/sun_care_stick_spf_50_248079_8g_405648b.jpg,"30,50 EUR",new,in stock,4040218848595,La Biosthétique,8 g,Huidverzorging,Health & Beauty > Personal Care > Cosmetics > Skin Care,1 kg,8 g,FALSE
La Biosthétique After Sun Soothing Hydro Spray,002241,De verfrissende Hydro Spray kalmeert en ontspant zonbelaste huid onmiddellijk en geeft waardevolle hydratatie. ,https://www.labiosthetique.nl/nl/after-sun-soothing-hydro-spray,https://img.labiosthetique.de/live-ecs/resize-cover/500/0/a/f/after_sun_soothing_hydro_spray_356893_100ml_d6d8669.jpg/after_sun_soothing_hydro_spray_356893_100ml_d6d8669.jpg,"23,00 EUR",new,in stock,4040218863895,La Biosthétique,100 ml,Huidverzorging,Health & Beauty > Personal Care > Cosmetics > Skin Care,1 l,100 ml,FALSE
La Biosthétique Dermosthétique Instant Lifting Eye Patch,002795,Dankzij het unieke hydrogelsysteem hebben de verkoelende oogpads een intens hydraterend effect en zorgen ze voor direct kalmeren en zichtbaar gladstrijken van de oogcontour.,https://www.labiosthetique.nl/nl/dermosthetique-age-3-instant-lifting-eye-patch,https://img.labiosthetique.de/live-ecs/resize-cover/500/0/d/e/dermosth_tique_instant_lifting_eye_patch_247961_20St_ck_fcee1f3.jpg/dermosth_tique_instant_lifting_eye_patch_247961_20St_ck_fcee1f3.jpg,"79,50 EUR",new,in stock,4040218846393,La Biosthétique,20 pcs,Huidverzorging,Health & Beauty > Personal Care > Cosmetics > Skin Care,,20 pcs,FALSE
La Biosthétique Spa Wellness Soap,003912,Milde wellness-zeep voor het reinigen van gezicht en lichaam.,https://www.labiosthetique.nl/nl/spa-wellness-soap?childSku=4040218856392,https://img.labiosthetique.de/live-ecs/resize-cover/500/0/s/p/spa_wellness_soap_329815_150g_f6c2129.jpg/spa_wellness_soap_329815_150g_f6c2129.jpg,"23,00 EUR",new,in stock,4040218856392,La Biosthétique,150 g,Huidverzorging,Health & Beauty > Personal Care > Cosmetics > Skin Care,1 kg,150 g,FALSE
La Biosthétique Spa Relaxing Body Lotion,002192,Ontspannende bodylotion,https://www.labiosthetique.nl/nl/spa-relaxing-body-lotion?childSku=4040218855890,https://img.labiosthetique.de/live-ecs/resize-cover/500/0/s/p/spa_relaxing_body_lotion_329677_250ml_05514d9.jpg/spa_relaxing_body_lotion_329677_250ml_05514d9.jpg,"31,50 EUR",new,in stock,4040218855890,La Biosthétique,250 ml,Huidverzorging,Health & Beauty > Personal Care > Cosmetics > Skin Care,1 l,250 ml,FALSE
La Biosthétique Clair de Teint Sensitif,003035,Biomimetische emulsie die bijzonder geschikt is voor gevoelige huidtypen: reinigt mild en geeft de huid daarna een heldere en frisse uitstraling,https://www.labiosthetique.nl/nl/clair-de-teint-sensitif?childSku=4040218792188,https://img.labiosthetique.de/live-ecs/resize-cover/500/0/c/l/clair_de_teint_sensitif_387209_50ml_5490d9f.jpg/clair_de_teint_sensitif_387209_50ml_5490d9f.jpg,"8,50 EUR",new,in stock,4040218792188,La Biosthétique,50 ml,Huidverzorging,Health & Beauty > Personal Care > Cosmetics > Skin Care,1 l,50 ml,FALSE
La Biosthétique Spa Skin Perfecting Lifting Cream,003714,Rimpelverminderende verzorging voor hals en decolleté.,https://www.labiosthetique.nl/nl/spa-skin-perfecting-lifting-cream,https://img.labiosthetique.de/live-ecs/resize-cover/500/0/s/p/spa_skin_perfecting_lifting_cream_329797_75ml_8ab700b.jpg/spa_skin_perfecting_lifting_cream_329797_75ml_8ab700b.jpg,"38,00 EUR",new,in stock,4040218856286,La Biosthétique,75 ml,Huidverzorging,Health & Beauty > Personal Care > Cosmetics > Skin Care,1 l,75 ml,FALSE
La Biosthétique Dermosthétique Hydrating Cleansing Foam,002485,"Het milde, parfumvrije reinigingsschuim met hyaluronzuur ontspant de huid door een milde reiniging tot diep in de poriën.",https://www.labiosthetique.nl/nl/dermosthetique-hydrating-cleansing-foam,https://img.labiosthetique.de/live-ecs/resize-cover/500/0/d/e/dermosth_tique_hydrating_cleansing_foam_247953_150ml_99a8b4e.jpg/dermosth_tique_hydrating_cleansing_foam_247953_150ml_99a8b4e.jpg,"44,00 EUR",new,in stock,4040218867985,La Biosthétique,150 ml,Huidverzorging,Health & Beauty > Personal Care > Cosmetics > Skin Care,1 l,150 ml,FALSE
La Biosthétique Set Sun Care & After Sun,012985,"De exclusieve set bestaat uit onze Sun Care Body Lotion SPF 30 en ons After Sun Hair &amp; Body Shampoo. Perfecte reisformaat voor uw vakantie, nu verkrijgbaar voor een voordeelprijs. ",https://www.labiosthetique.nl/nl/soleil-set-2024,https://img.labiosthetique.de/live-ecs/resize-cover/500/0/s/e/set_sun_care_after_sun_384706_1St_ck_67e43f8.jpg/set_sun_care_after_sun_384706_1St_ck_67e43f8.jpg,"26,50 EUR",new,in stock,4040218873085,La Biosthétique,1 pcs,"Haar- & hoofdhuidverzorging,Huidverzorging","Health & Beauty > Personal Care > Hair Care,Health & Beauty > Personal Care > Cosmetics > Skin Care",,1 pcs,FALSE
La Biosthétique Masque Hydro Sensitif,003761,Het eerstehulpmasker voor een gevoelige huid met intensief hydraterende werking,https://www.labiosthetique.nl/nl/masque-hydro-sensitif,https://img.labiosthetique.de/live-ecs/resize-cover/500/0/m/a/masque_hydro_sensitif_248065_75ml_36a4661.jpg/masque_hydro_sensitif_248065_75ml_36a4661.jpg,"38,00 EUR",new,in stock,4040218792584,La Biosthétique,75 ml,Huidverzorging,Health & Beauty > Personal Care > Cosmetics > Skin Care,1 l,75 ml,FALSE
La Biosthétique Dermosthétique Hyaluronic Acid Hydrating Capsules,003505,"Met werkzame stoffen uit de zee en sterk geconcentreerde lipide-extracten, levert elke capsule meerlagig vocht en houdt het vast in de huid, waardoor deze direct gladder, steviger en zachter aanvoelt.",https://www.labiosthetique.nl/nl/dermosthetique-hyaluronic-acid-hydrating-capsules?childSku=4040218846584,https://img.labiosthetique.de/live-ecs/resize-cover/500/0/d/e/dermosth_tique_hyaluronic_acid_hydrating_capsules_266961_7Kapseln_159c1c0.jpg/dermosth_tique_hyaluronic_acid_hydrating_capsules_266961_7Kapseln_159c1c0.jpg,"18,00 EUR",new,in stock,4040218846584,La Biosthétique,7 capsules,Huidverzorging,Health & Beauty > Personal Care > Cosmetics > Skin Care,,7 capsules,FALSE
La Biosthétique Spa Refreshing Body Peeling,002062,Verfrissende scrub voor het lichaam ,https://www.labiosthetique.nl/nl/spa-refreshing-body-peeling?childSku=4040218856484,https://img.labiosthetique.de/live-ecs/resize-cover/500/0/s/p/spa_refreshing_body_peeling_329641_250ml_3d76ddb.jpg/spa_refreshing_body_peeling_329641_250ml_3d76ddb.jpg,"28,50 EUR",new,in stock,4040218856484,La Biosthétique,250 ml,Huidverzorging,Health & Beauty > Personal Care > Cosmetics > Skin Care,1 l,250 ml,FALSE
La Biosthétique Revitalising Balance Cream,004322,"Zorgvuldig gecoördineerde werkingsmechanismen vertragen de verouderingsprocessen van de huid, versterken haar van binnenuit en herstellen zichtbaar de balans.",https://www.labiosthetique.nl/nl/revitalising-balance-cream,https://img.labiosthetique.de/live-ecs/resize-cover/500/0/r/e/revitalising_balance_cream_382741_50ml_936035e.jpg/revitalising_balance_cream_382741_50ml_936035e.jpg,"86,00 EUR",new,in stock,4040218867381,La Biosthétique,50 ml,Huidverzorging,Health & Beauty > Personal Care > Cosmetics > Skin Care,1 l,50 ml,FALSE
La Biosthétique Micellar Cleansing Gel,003781,De milde micellaire reinigingsgel ontdoet de huid van vuil en overtollige talg en vermindert de talgproductie zonder de huid uit te drogen.,https://www.labiosthetique.nl/nl/micellar-cleansing-gel,https://img.labiosthetique.de/live-ecs/resize-cover/500/0/m/i/micellar_cleansing_gel_396291_250ml_5990094.jpg/micellar_cleansing_gel_396291_250ml_5990094.jpg,"28,50 EUR",new,in stock,4040218882681,La Biosthétique,250 ml,Huidverzorging,Health & Beauty > Personal Care > Cosmetics > Skin Care,1 l,250 ml,FALSE
La Biosthétique Soothing After-Sun Body Lotion,002368,De verfrissende bodylotion kalmeert en ontspant de door de zon gestreste huid en ondersteunt haar natuurlijke herstel- en afweermechanismen tussen het zonnen door. ,https://www.labiosthetique.nl/nl/soothing-after-sun-body-lotion,https://img.labiosthetique.de/live-ecs/resize-cover/500/0/s/o/soothing_after_sun_body_lotion_248077_200ml_1103c83.jpg/soothing_after_sun_body_lotion_248077_200ml_1103c83.jpg,"36,00 EUR",new,in stock,4040218837278,La Biosthétique,200 ml,Huidverzorging,Health & Beauty > Personal Care > Cosmetics > Skin Care,1 l,200 ml,FALSE
La Biosthétique Self Tanning Drops,002179,"De gemakkelijk doseerbare zelfbruinende druppels geven het gezicht, de hals en het decolleté naar wens een natuurlijke, individuele en volkomen onschadelijke bruine kleur.",https://www.labiosthetique.nl/nl/self-tanning-drops,https://img.labiosthetique.de/live-ecs/resize-cover/500/0/s/e/self_tanning_drops_248073_30ml_388d592.jpg/self_tanning_drops_248073_30ml_388d592.jpg,"31,50 EUR",new,in stock,4040218836677,La Biosthétique,30 ml,Huidverzorging,Health & Beauty > Personal Care > Cosmetics > Skin Care,1 l,30 ml,FALSE
La Biosthétique After Sun Hair & Body Shampoo,120512,"De milde shampoo reinigt het haar en het lichaam na blootstelling aan de zon, verwijdert resten zee- en chloorwater en beschermt het haar zodat het zijn kleurglans langer behoudt.",https://www.labiosthetique.nl/nl/after-sun-hair-body-shampoo-2?childSku=4040218837476,https://img.labiosthetique.de/live-ecs/resize-cover/500/0/a/f/after_sun_hair_body_shampoo_247389_100ml_9edb6d7.jpg/after_sun_hair_body_shampoo_247389_100ml_9edb6d7.jpg,"16,50 EUR",new,in stock,4040218837476,La Biosthétique,100 ml,"Haar- & hoofdhuidverzorging,Huidverzorging","Health & Beauty > Personal Care > Hair Care,Health & Beauty > Personal Care > Cosmetics > Skin Care",1 l,100 ml,FALSE
La Biosthétique Harmonising Wellness Tea,002012,De harmoniserende wellness-thee brengt het lichaam van binnenuit in een kalmerend evenwicht. De ingrediënten uit gecontroleerde biologische teelt zijn geïnspireerd op de populaire geursamenstelling van de Spa-lichaamsverzorging.,https://www.labiosthetique.nl/nl/harmonising-wellness-tea?childSku=4040218879674,https://img.labiosthetique.de/live-ecs/resize-cover/500/0/h/a/harmonising_wellness_tea_393253_100g_109a594.jpg/harmonising_wellness_tea_393253_100g_109a594.jpg,"19,00 EUR",new,in stock,4040218879674,La Biosthétique,100 g,Huidverzorging,Health & Beauty > Personal Care > Cosmetics > Skin Care,1 kg,100 g,FALSE
La Biosthétique Clarifying Balance Cream,002356,"Clarifying Balance Cream voorziet in de behoeften van de gecombineerde huid door de talgproductie en hydratatie te reguleren, regeneratie te bevorderen bij celbeschadiging en het microbioom van de huid in balans te brengen.",https://www.labiosthetique.nl/nl/clarifying-balance-cream,https://img.labiosthetique.de/live-ecs/resize-cover/500/0/c/l/clarifying_balance_cream_396276_50ml_759ee9a.jpg/clarifying_balance_cream_396276_50ml_759ee9a.jpg,"47,50 EUR",new,in stock,4040218882773,La Biosthétique,50 ml,Huidverzorging,Health & Beauty > Personal Care > Cosmetics > Skin Care,1 l,50 ml,FALSE
La Biosthétique Comforting Hydro Cream,003601,De prebiotische hydrocrème brengt het microbioom van de huid in balans en verhoogt het vochtgehalte van de huid. Daarnaast kalmeert de crème de gevoelige huid en worden de natuurlijke beschermingsfuncties versterkt.  ,https://www.labiosthetique.nl/nl/comforting-hydro-cream?childSku=4040218868272,https://img.labiosthetique.de/live-ecs/resize-cover/500/0/c/o/comforting_hydro_cream_391988_50ml_497ee27.jpg/comforting_hydro_cream_391988_50ml_497ee27.jpg,"48,50 EUR",new,in stock,4040218868272,La Biosthétique,50 ml,Huidverzorging,Health & Beauty > Personal Care > Cosmetics > Skin Care,1 l,50 ml,FALSE
La Biosthétique Dermosthétique Lifting Eye Cream,002961,"De verstevigende oogcrème, die rijk is aan vocht en krachtige plantaardige antioxidanten, gaat tekenen van vermoeidheid en veroudering van de huid rond de ogen tegen. ",https://www.labiosthetique.nl/nl/dermosthetique-age-lifting-eye-cream,https://img.labiosthetique.de/live-ecs/resize-cover/500/0/d/e/dermosth_tique_lifting_eye_cream_355961_15ml_98d4d57.jpg/dermosth_tique_lifting_eye_cream_355961_15ml_98d4d57.jpg,"75,50 EUR",new,in stock,4040218863871,La Biosthétique,15 ml,Huidverzorging,Health & Beauty > Personal Care > Cosmetics > Skin Care,1 l,15 ml,FALSE
La Biosthétique Comforting Lipid Cream,003607,"De voedende, intensief verzorgende lipidencrème kalmeert de droge, geïrriteerde huid, stabiliseert haar natuurlijke beschermingsfuncties en optimaliseert het vochtgehalte.",https://www.labiosthetique.nl/nl/comforting-lipid-cream?childSku=4040218879971,https://img.labiosthetique.de/live-ecs/resize-cover/500/0/c/o/comforting_lipid_cream_391993_10ml_fe70e06.jpg/comforting_lipid_cream_391993_10ml_fe70e06.jpg,"12,50 EUR",new,in stock,4040218879971,La Biosthétique,10 ml,Huidverzorging,Health & Beauty > Personal Care > Cosmetics > Skin Care,1 l,10 ml,FALSE
La Biosthétique Manicare,020428,De handpeeling Manicare bevat het fijnste himalayazout en geselecteerde oliën en geeft u razendsnel prachtig mooie handen.,https://www.labiosthetique.nl/nl/manicare-1,https://img.labiosthetique.de/live-ecs/resize-cover/500/0/m/a/manicare_138369_100ml_b39264a.jpg/manicare_138369_100ml_b39264a.jpg,"32,50 EUR",new,in stock,4040218618570,La Biosthétique,100 ml,"Huidverzorging,Make-up","Health & Beauty > Personal Care > Cosmetics > Skin Care,Health & Beauty > Personal Care > Cosmetics > Makeup",1 l,100 ml,FALSE
La Biosthétique After Sun Hair & Body Shampoo,120809,"De milde shampoo reinigt het haar en het lichaam na blootstelling aan de zon, verwijdert resten zee- en chloorwater en beschermt het haar zodat het zijn kleurglans langer behoudt.",https://www.labiosthetique.nl/nl/after-sun-hair-body-shampoo-2?childSku=4040218837469,https://img.labiosthetique.de/live-ecs/resize-cover/500/0/a/f/after_sun_hair_body_shampoo_247391_250ml_75c645b.jpg/after_sun_hair_body_shampoo_247391_250ml_75c645b.jpg,"26,00 EUR",new,in stock,4040218837469,La Biosthétique,250 ml,"Huidverzorging,Haar- & hoofdhuidverzorging","Health & Beauty > Personal Care > Cosmetics > Skin Care,Health & Beauty > Personal Care > Hair Care",1 l,250 ml,FALSE
La Biosthétique Spa Refreshing Hand Wash,003953,Verfrissende reinigingsgel voor de handen,https://www.labiosthetique.nl/nl/spa-refreshing-hand-wash,https://img.labiosthetique.de/live-ecs/resize-cover/500/0/s/p/spa_refreshing_hand_wash_329827_250ml_94b25f4.jpg/spa_refreshing_hand_wash_329827_250ml_94b25f4.jpg,"17,00 EUR",new,in stock,4040218856569,La Biosthétique,250 ml,Huidverzorging,Health & Beauty > Personal Care > Cosmetics > Skin Care,1 l,250 ml,FALSE
La Biosthétique Revitalising Hydro Toner,004307,"De revitaliserende formule met huididentieke hydraterende bestanddelen ontspant de huid na het reinigen, maakt haar voller en vormt de ideale basis voor de volgende verzorgingsstappen.",https://www.labiosthetique.nl/nl/revitalising-hydro-toner,https://img.labiosthetique.de/live-ecs/resize-cover/500/0/r/e/revitalising_hydro_toner_382732_250ml_e65b433.jpg/revitalising_hydro_toner_382732_250ml_e65b433.jpg,"40,00 EUR",new,in stock,4040218867367,La Biosthétique,250 ml,Huidverzorging,Health & Beauty > Personal Care > Cosmetics > Skin Care,1 l,250 ml,FALSE
La Biosthétique Homme Shaving Gel,003297,Shaving Gel voor soepele huid en een milde en grondige scheerbeurt.,https://www.labiosthetique.nl/nl/shaving-gel,https://img.labiosthetique.de/live-ecs/resize-cover/500/0/h/o/homme_shaving_gel_247987_150ml_eb90528.jpg/homme_shaving_gel_247987_150ml_eb90528.jpg,"20,00 EUR",new,in stock,4040218803266,La Biosthétique,150 ml,Huidverzorging,Health & Beauty > Personal Care > Cosmetics > Skin Care,1 l,150 ml,FALSE
La Biosthétique Spa Relaxing Body Wash ,002246,Ontspannende reiniging voor het lichaam,https://www.labiosthetique.nl/nl/spa-relaxing-body-wash?childSku=4040218855166,https://img.labiosthetique.de/live-ecs/resize-cover/500/0/s/p/spa_relaxing_body_wash_329695_250ml_ad112a5.jpg/spa_relaxing_body_wash_329695_250ml_ad112a5.jpg,"27,00 EUR",new,in stock,4040218855166,La Biosthétique,250 ml,Huidverzorging,Health & Beauty > Personal Care > Cosmetics > Skin Care,1 l,250 ml,FALSE
La Biosthétique Eau de Toilette Homme,003775,"Eau de Toilette voor een sensuele, mannelijke geur. ",https://www.labiosthetique.nl/nl/eau-de-toilette-homme-1,https://img.labiosthetique.de/live-ecs/resize-cover/500/0/e/a/eau_de_toilette_homme_409748_50ml_eefda43.jpg/eau_de_toilette_homme_409748_50ml_eefda43.jpg,"71,50 EUR",new,in stock,4040218889666,La Biosthétique,50 ml,Huidverzorging,Health & Beauty > Personal Care > Cosmetics > Skin Care,1 l,50 ml,FALSE
La Biosthétique Crème Protectrice,110246,Ontspanning voor belaste handen en nagels: met langdurig werkende hydratatie – speciaal ontwikkeld voor de bijzondere eisen van intensief belaste handen,https://www.labiosthetique.nl/nl/creme-protectrice,https://img.labiosthetique.de/live-ecs/resize-cover/500/0/c/r/cr_me_protectrice_248067_50ml_a63c041.jpg/cr_me_protectrice_248067_50ml_a63c041.jpg,"21,00 EUR",new,in stock,4040218787863,La Biosthétique,50 ml,Huidverzorging,Health & Beauty > Personal Care > Cosmetics > Skin Care,1 l,50 ml,FALSE
La Biosthétique Dermosthétique Carrot Stem Cell Redness Relief Serum,002274,"Het krachtige werkzame concept verzacht irritaties, gaat de oorzaken van zichtbare adertjes en roodheid tegen en voorkomt dat deze opnieuw ontstaan door de afweermechanismen van de huid te ondersteunen. ",https://www.labiosthetique.nl/nl/dermosthetique-carrot-stem-cell-redness-relief-serum,https://img.labiosthetique.de/live-ecs/resize-cover/500/0/d/e/dermosth_tique_carrot_stem_cell_redness_relief_serum_247939_30ml_994f5e3.jpg/dermosth_tique_carrot_stem_cell_redness_relief_serum_247939_30ml_994f5e3.jpg,"115,50 EUR",new,in stock,4040218879162,La Biosthétique,30 ml,Huidverzorging,Health & Beauty > Personal Care > Cosmetics > Skin Care,1 l,30 ml,FALSE
La Biosthétique Sun Care Cream Sensitive SPF 50+,002157,De zacht smeltende zonnebrandcrème met SPF 50+ beschermt de gevoelige gezichts- en lichaamshuid uitgebreid tegen zonnebrand en diepere schade door UV-straling. ,https://www.labiosthetique.nl/nl/sun-care-cream-sensitive-spf-50,https://img.labiosthetique.de/live-ecs/resize-cover/500/0/s/u/sun_care_cream_sensitive_spf_50_248071_50ml_af363e2.jpg/sun_care_cream_sensitive_spf_50_248071_50ml_af363e2.jpg,"30,50 EUR",new,in stock,4040218837261,La Biosthétique,50 ml,Huidverzorging,Health & Beauty > Personal Care > Cosmetics > Skin Care,1 l,50 ml,FALSE
La Biosthétique Spa Intensive Hand Care,002161,Vooreen intensieve verzorging van de droge huid van de handen.,https://www.labiosthetique.nl/nl/spa-intensive-hand-care?childSku=4040218856361,https://img.labiosthetique.de/live-ecs/resize-cover/500/0/s/p/spa_intensive_hand_care_329665_20ml_538d2c2.jpg/spa_intensive_hand_care_329665_20ml_538d2c2.jpg,"9,50 EUR",new,in stock,4040218856361,La Biosthétique,20 ml,Huidverzorging,Health & Beauty > Personal Care > Cosmetics > Skin Care,1 l,20 ml,FALSE
La Biosthétique Dermosthétique Ocean Plant Refining Hydro Serum,002807,"Een vitaliserende cocktail van plantaardige actieve stoffen uit de zee heeft een zuiverend effect, verfijnt het reliëf van de huid en herstelt haar natuurlijke uitstraling.",https://www.labiosthetique.nl/nl/ocean-plant-refining-hydro-serum,https://img.labiosthetique.de/live-ecs/resize-cover/500/0/d/e/dermosth_tique_ocean_plant_refining_hydro_serum_247963_30ml_223b65a.jpg/dermosth_tique_ocean_plant_refining_hydro_serum_247963_30ml_223b65a.jpg,"115,50 EUR",new,in stock,4040218846560,La Biosthétique,30 ml,Huidverzorging,Health & Beauty > Personal Care > Cosmetics > Skin Care,1 l,30 ml,FALSE
La Biosthétique Dermosthétique Peel³ Complex Deep Purifying Mask,002865,"Met een drievoudig peelingeffect en toch bijzonder zacht, verfijnt het crèmeachtige masker het huidbeeld onmiddellijk en langdurig, reinigt het diep en ondersteunt het de natuurlijke vernieuwing van de huid.",https://www.labiosthetique.nl/nl/peel-complex-deep-purifying-mask,https://img.labiosthetique.de/live-ecs/resize-cover/500/0/d/e/dermosth_tique_peel_complex_deep_purifying_mask_266957_75ml_f8a9a1d.jpg/dermosth_tique_peel_complex_deep_purifying_mask_266957_75ml_f8a9a1d.jpg,"44,00 EUR",new,in stock,4040218851960,La Biosthétique,75 ml,Huidverzorging,Health & Beauty > Personal Care > Cosmetics > Skin Care,1 l,75 ml,FALSE
La Biosthétique Dermosthétique Age Reversing Day Cream,002813,"De innovatieve crèmeformule beschermt en vitaliseert de huid, vertraagt verouderingsprocessen en laat u er elke dag een beetje jonger uitzien. ",https://www.labiosthetique.nl/nl/dermosthetique-age-reversing-day-cream,https://img.labiosthetique.de/live-ecs/resize-cover/500/0/d/e/dermosth_tique_age_reversing_day_cream_390914_10ml_bb62964.jpg/dermosth_tique_age_reversing_day_cream_390914_10ml_bb62964.jpg,"27,50 EUR",new,in stock,4040218867060,La Biosthétique,10 ml,Huidverzorging,Health & Beauty > Personal Care > Cosmetics > Skin Care,1 l,10 ml,FALSE
La Biosthétique Spa Lifting Care Décolleté and Hands,003789,"Gladmakende, rijke verzorgingscrème voor een egale huid op hals, decolleté en handen. ",https://www.labiosthetique.nl/nl/spa-lifting-care-decollete-and-hands,https://img.labiosthetique.de/live-ecs/resize-cover/500/0/s/p/spa_lifting_care_d_collet_and_hands_248129_75ml_8631614.jpg/spa_lifting_care_d_collet_and_hands_248129_75ml_8631614.jpg,"37,00 EUR",new,in stock,4040218816259,La Biosthétique,75 ml,Huidverzorging,Health & Beauty > Personal Care > Cosmetics > Skin Care,1 l,75 ml,FALSE
La Biosthétique Revitalising Serum,004310,Met een zeer effectief fytocomplex als huidvriendelijk retinolalternatief werkt het lichte serum overal waar een intensief antirimpeleffect nodig is.,https://www.labiosthetique.nl/nl/revitalising-serum,https://img.labiosthetique.de/live-ecs/resize-cover/500/0/r/e/revitalising_serum_382738_30ml_535275f.jpg/revitalising_serum_382738_30ml_535275f.jpg,"65,00 EUR",new,in stock,4040218867459,La Biosthétique,30 ml,Huidverzorging,Health & Beauty > Personal Care > Cosmetics > Skin Care,1 l,30 ml,FALSE
La Biosthétique Comforting Micellar Cleansing Milk,003532,"De milde reinigingsmelk kalmeert de gevoelige gezichtshuid, terwijl deze make-up en vuil even zacht als effectief verwijdert en uitdroging van de huid voorkomt.",https://www.labiosthetique.nl/nl/comforting-micellar-cleansing-milk?childSku=4040218868159,https://img.labiosthetique.de/live-ecs/resize-cover/500/0/c/o/comforting_micellar_cleansing_milk_391983_250ml_2aab76d.jpg/comforting_micellar_cleansing_milk_391983_250ml_2aab76d.jpg,"29,50 EUR",new,in stock,4040218868159,La Biosthétique,250 ml,Huidverzorging,Health & Beauty > Personal Care > Cosmetics > Skin Care,1 l,250 ml,FALSE
La Biosthétique Clarifying Matt Fluid,003768,De zuiverende en matterende fluid herstelt de gezonde balans van de huid door de talgproductie te normaliseren en het microbioom in balans te brengen.,https://www.labiosthetique.nl/nl/clarifying-matt-fluid,https://img.labiosthetique.de/live-ecs/resize-cover/500/0/c/l/clarifying_matt_fluid_396288_50ml_86822f3.jpg/clarifying_matt_fluid_396288_50ml_86822f3.jpg,"47,50 EUR",new,in stock,4040218882759,La Biosthétique,50 ml,Huidverzorging,Health & Beauty > Personal Care > Cosmetics > Skin Care,1 l,50 ml,FALSE
La Biosthétique Hair & Nail Strengthening Food Supplement,120926,"Het voedingssupplement draagt van binnenuit bij aan een effectieve behandeling van haaruitval en nagelbreuk en bevordert de groei van mooi, vitaal haar en nagels. ",https://www.labiosthetique.nl/nl/hair-nail-strengthening-food-supplement,https://img.labiosthetique.de/live-ecs/resize-cover/500/0/h/a/hair_nail_strengthening_food_supplement_356177_60Kapseln_8523a6a.jpg/hair_nail_strengthening_food_supplement_356177_60Kapseln_8523a6a.jpg,"52,50 EUR",new,in stock,4040218866858,La Biosthétique,60 capsules,"Haar- & hoofdhuidverzorging,Huidverzorging","Health & Beauty > Personal Care > Hair Care,Health & Beauty > Personal Care > Cosmetics > Skin Care",1 pcs,60 capsules,FALSE
La Biosthétique Comforting Hydro Cream,003685,De prebiotische hydrocrème brengt het microbioom van de huid in balans en verhoogt het vochtgehalte van de huid. Daarnaast kalmeert de crème de gevoelige huid en worden de natuurlijke beschermingsfuncties versterkt.  ,https://www.labiosthetique.nl/nl/comforting-hydro-cream?childSku=4040218879957,https://img.labiosthetique.de/live-ecs/resize-cover/500/0/c/o/comforting_hydro_cream_392020_10ml_eb430b8.jpg/comforting_hydro_cream_392020_10ml_eb430b8.jpg,"12,50 EUR",new,in stock,4040218879957,La Biosthétique,10 ml,Huidverzorging,Health & Beauty > Personal Care > Cosmetics > Skin Care,1 l,10 ml,FALSE
La Biosthétique Relaxing Bubble Bath,003408,<p>Het badadditief met de ontspannende geur uit de Spa-serie ontwikkelt een zacht schuim dat de huid behoedzaam reinigt en de zintuigen streelt.</p>,https://www.labiosthetique.nl/nl/relaxing-bubble-bath,https://img.labiosthetique.de/live-ecs/resize-cover/500/0/r/e/relaxing_bubble_bath_406657_50ml_c5b9413.jpg/relaxing_bubble_bath_406657_50ml_c5b9413.jpg,"9,50 EUR",new,in stock,4040218891256,La Biosthétique,50 ml,Huidverzorging,Health & Beauty > Personal Care > Cosmetics > Skin Care,1 l,50 ml,FALSE
La Biosthétique Belesthétique The Concentrate,002196,"De krachtige combinatie van drie werkzame complexen uit zorgvuldig geselecteerde plantaardige ingrediënten ontgift de huid en vermindert het verouderingsproces. Zo zorgt The Concentrate op een hoog effectieve, natuurlijke manier voor een zichtbaar jonger uitziende huid. ",https://www.labiosthetique.nl/nl/belesthetique-the-concentrate,https://img.labiosthetique.de/live-ecs/resize-cover/500/0/b/e/belesth_tique_the_concentrate_247897_30ml_868e56b.jpg/belesth_tique_the_concentrate_247897_30ml_868e56b.jpg,"143,00 EUR",new,in stock,4040218813555,La Biosthétique,30 ml,Huidverzorging,Health & Beauty > Personal Care > Cosmetics > Skin Care,1 l,30 ml,FALSE
La Biosthétique Comforting Enzyme Peeling Mask,003647,"Zacht als een masker en effectief als een peeling verfijnt het Comforting Enzyme Peeling Mask de huidtextuur, hydrateert de huid en stimuleert de celvernieuwing. ",https://www.labiosthetique.nl/nl/comforting-enzyme-peeling-mask,https://img.labiosthetique.de/live-ecs/resize-cover/500/0/c/o/comforting_enzyme_peeling_mask_392004_75ml_27f36c4.jpg/comforting_enzyme_peeling_mask_392004_75ml_27f36c4.jpg,"39,00 EUR",new,in stock,4040218876253,La Biosthétique,75 ml,Huidverzorging,Health & Beauty > Personal Care > Cosmetics > Skin Care,1 l,75 ml,FALSE
La Biosthétique Spa Relaxing Body Lotion,003672,Ontspannende bodylotion,https://www.labiosthetique.nl/nl/spa-relaxing-body-lotion?childSku=4040218855852,https://img.labiosthetique.de/live-ecs/resize-cover/500/0/s/p/spa_relaxing_body_lotion_329785_50ml_133e544.jpg/spa_relaxing_body_lotion_329785_50ml_133e544.jpg,"12,50 EUR",new,in stock,4040218855852,La Biosthétique,50 ml,Huidverzorging,Health & Beauty > Personal Care > Cosmetics > Skin Care,1 l,50 ml,FALSE
La Biosthétique Masque Clarifiant,027113,Tegen vette en onzuivere huid: Masque Clarifiant reguleert de talgproductie van de huid en vermindert huidirritaties,https://www.labiosthetique.nl/nl/masque-clarifiant,https://img.labiosthetique.de/live-ecs/resize-cover/500/0/m/a/masque_clarifiant_248009_75ml_88db3a0.jpg/masque_clarifiant_248009_75ml_88db3a0.jpg,"31,50 EUR",new,in stock,4040218793550,La Biosthétique,75 ml,Huidverzorging,Health & Beauty > Personal Care > Cosmetics > Skin Care,1 l,75 ml,FALSE
La Biosthétique Soleil Set 2025,012957,"De Soleil Set, bestaande uit het After Sun Hydrating Hair Mask (50 ml) &amp; de After Sun Hair &amp; Body Shampoo (100 ml), verandert de ""must"" van zonbescherming in puur plezier. Verwennende verzorgende texturen en de zomerse, sensuele geur bevrijden je van het dilemma tussen verlangen en verstand. ",https://www.labiosthetique.nl/nl/soleil-set-2025,https://img.labiosthetique.de/live-ecs/resize-cover/500/0/s/o/soleil_set_2025_400790_1Set_8476e14.jpg/soleil_set_2025_400790_1Set_8476e14.jpg,"29,50 EUR",new,in stock,4040218883749,La Biosthétique,1 set,"Huidverzorging,Haar- & hoofdhuidverzorging","Health & Beauty > Personal Care > Cosmetics > Skin Care,Health & Beauty > Personal Care > Hair Care",,1 set,FALSE
La Biosthétique Deep Moisturising Mask,027079,<p>Het intensief hydraterende masker maakt gebruik van krachtige plantaardige werkzame stoffen om de beschermende huidbarrière te versterken en de vochthuishouding van de huid direct en langdurig te verbeteren.</p>,https://www.labiosthetique.nl/nl/deep-moisturising-mask,https://img.labiosthetique.de/live-ecs/resize-cover/500/0/d/e/deep_moisturising_mask_403726_75ml_0ed6bcc.jpg/deep_moisturising_mask_403726_75ml_0ed6bcc.jpg,"40,00 EUR",new,in stock,4040218886849,La Biosthétique,75 ml,Huidverzorging,Health & Beauty > Personal Care > Cosmetics > Skin Care,1 l,75 ml,FALSE
La Biosthétique Spa Nourishing Foot Cream,001607,Rijke verzorgingscrème met 10% ureum voor droge voeten,https://www.labiosthetique.nl/nl/spa-nourishing-foot-cream,https://img.labiosthetique.de/live-ecs/resize-cover/500/0/s/p/spa_nourishing_foot_cream_329623_75ml_98d8077.jpg/spa_nourishing_foot_cream_329623_75ml_98d8077.jpg,"21,00 EUR",new,in stock,4040218856248,La Biosthétique,75 ml,Huidverzorging,Health & Beauty > Personal Care > Cosmetics > Skin Care,1 l,75 ml,FALSE
La Biosthétique Hydrating Tan Activating Bodylotion,002035,"De verzorgende bruiningactivator maakt de huid klaar voor de zon. Hij stabiliseert het vochtigheidsniveau, intensifieert de bruining en voorkomt tegelijkertijd lichtgerelateerde huidveroudering. ",https://www.labiosthetique.nl/nl/tan-activating-bodylotion,https://img.labiosthetique.de/live-ecs/resize-cover/500/0/h/y/hydrating_tan_activating_bodylotion_248069_200ml_0df5735.jpg/hydrating_tan_activating_bodylotion_248069_200ml_0df5735.jpg,"38,00 EUR",new,in stock,4040218837247,La Biosthétique,200 ml,Huidverzorging,Health & Beauty > Personal Care > Cosmetics > Skin Care,1 l,200 ml,FALSE
La Biosthétique Clarifying Aroma Complex,003081,"Het aromatisch geurende concentraat van geselecteerde essentiële oliën heeft een verhelderend effect op de huid en de ziel. De teint van de vette, onzuivere huid lijkt in balans en zichtbaar helderder.",https://www.labiosthetique.nl/nl/clarifying-aroma-complex,https://img.labiosthetique.de/live-ecs/resize-cover/500/0/c/l/clarifying_aroma_complex_384894_10ml_06a3f1c.jpg/clarifying_aroma_complex_384894_10ml_06a3f1c.jpg,"40,00 EUR",new,in stock,4040218873146,La Biosthétique,10 ml,Huidverzorging,Health & Beauty > Personal Care > Cosmetics > Skin Care,1 l,10 ml,FALSE
La Biosthétique Revitalising Capsules,002351,"Revitalising Capsules maken het uitgebalanceerde verzorgingsconcept van Méthode Régénérante compleet. Elke lipidecapsule bevat een zeer effectieve cocktail van waardevolle oliën die diepwerkend revitaliseren, intensief verzorgen en een zijdeachtig huidgevoel geven. ",https://www.labiosthetique.nl/nl/revitalising-capsules?childSku=4040218872545,https://img.labiosthetique.de/live-ecs/resize-cover/500/0/r/e/revitalising_capsules_389019_7Kapseln_5da1b36.jpg/revitalising_capsules_389019_7Kapseln_5da1b36.jpg,"18,00 EUR",new,in stock,4040218872545,La Biosthétique,7 capsules,Huidverzorging,Health & Beauty > Personal Care > Cosmetics > Skin Care,,7 capsules,FALSE
La Biosthétique Pureté Clarifiante,002325,Tegen vette en onzuivere huid: Pureté Clarifiante bevat een zeer effectieve formule die het huidbeeld verbetert. Voor een zichtbaar zuiverdere teint.,https://www.labiosthetique.nl/nl/purete-clarifiante,https://img.labiosthetique.de/live-ecs/resize-cover/500/0/p/u/puret_clarifiante_248013_50ml_8afadc9.jpg/puret_clarifiante_248013_50ml_8afadc9.jpg,"45,00 EUR",new,in stock,4040218793444,La Biosthétique,50 ml,Huidverzorging,Health & Beauty > Personal Care > Cosmetics > Skin Care,1 l,50 ml,FALSE
La Biosthétique Protective Lipid Capsules,003257,"Mit ihrem hohen Gehalt an Fettsäuren, die denen der Haut ähneln, stärken und beruhigen Protective Lipid Capsules trockene Haut, schützen vor Austrocknung und verbessern die Schutzbarriere. ",https://www.labiosthetique.nl/nl/protective-lipid-capsules?childSku=4040218813944,https://img.labiosthetique.de/live-ecs/resize-cover/500/0/p/r/protective_lipid_capsules_248049_60Kapseln_9ec0598.jpg/protective_lipid_capsules_248049_60Kapseln_9ec0598.jpg,"110,00 EUR",new,in stock,4040218813944,La Biosthétique,60 capsules,Huidverzorging,Health & Beauty > Personal Care > Cosmetics > Skin Care,,60 capsules,FALSE
La Biosthétique Spa Rich Firming Body Butter,002544,Rijke contourvormende body butter,https://www.labiosthetique.nl/nl/spa-rich-firming-body-butter,https://img.labiosthetique.de/live-ecs/resize-cover/500/0/s/p/spa_rich_firming_body_butter_329719_200ml_efe4835.jpg/spa_rich_firming_body_butter_329719_200ml_efe4835.jpg,"51,00 EUR",new,in stock,4040218856644,La Biosthétique,200 ml,Huidverzorging,Health & Beauty > Personal Care > Cosmetics > Skin Care,1 l,200 ml,FALSE
La Biosthétique Rich Micellar Cleansing Cream,004482,De ongecompliceerde maar grondige micellaire reiniging met de Rich Micellar Cleansing Cream verwijdert vuil en make-up op milde wijze van de huid en laat de huid gevoed aanvoelen.,https://www.labiosthetique.nl/nl/rich-micellar-cleansing-cream,https://img.labiosthetique.de/live-ecs/resize-cover/500/0/r/i/rich_micellar_cleansing_cream_382753_200ml_e9997a3.jpg/rich_micellar_cleansing_cream_382753_200ml_e9997a3.jpg,"40,00 EUR",new,in stock,4040218867343,La Biosthétique,200 ml,Huidverzorging,Health & Beauty > Personal Care > Cosmetics > Skin Care,1 l,200 ml,FALSE
La Biosthétique Spa Relaxing Body Wash ,003132,Ontspannende reiniging voor het lichaam,https://www.labiosthetique.nl/nl/spa-relaxing-body-wash?childSku=4040218855142,https://img.labiosthetique.de/live-ecs/resize-cover/500/0/s/p/spa_relaxing_body_wash_329767_50ml_ef75ba3.jpg/spa_relaxing_body_wash_329767_50ml_ef75ba3.jpg,"10,50 EUR",new,in stock,4040218855142,La Biosthétique,50 ml,Huidverzorging,Health & Beauty > Personal Care > Cosmetics > Skin Care,1 l,50 ml,FALSE
La Biosthétique Comforting Micellar Cleansing Milk,003051,"De milde reinigingsmelk kalmeert de gevoelige gezichtshuid, terwijl deze make-up en vuil even zacht als effectief verwijdert en uitdroging van de huid voorkomt.",https://www.labiosthetique.nl/nl/comforting-micellar-cleansing-milk?childSku=4040218868142,https://img.labiosthetique.de/live-ecs/resize-cover/500/0/c/o/comforting_micellar_cleansing_milk_391978_50ml_c94cf3d.jpg/comforting_micellar_cleansing_milk_391978_50ml_c94cf3d.jpg,"9,00 EUR",new,in stock,4040218868142,La Biosthétique,50 ml,Huidverzorging,Health & Beauty > Personal Care > Cosmetics > Skin Care,1 l,50 ml,FALSE
La Biosthétique Essentiel Classic Hand Cleansing Gel,003905,De verfrissende gel met antibacteriële alcohol is je constante metgezel voor snelle handreiniging tussendoor - zonder water of zeep. ,https://www.labiosthetique.nl/nl/essentiel-classic-hand-cleansing-gel,https://img.labiosthetique.de/live-ecs/resize-cover/500/0/e/s/essentiel_classic_hand_cleansing_gel_247231_75ml_02e0553.jpg/essentiel_classic_hand_cleansing_gel_247231_75ml_02e0553.jpg,"7,50 EUR",new,in stock,4040218858440,La Biosthétique,75 ml,Huidverzorging,Health & Beauty > Personal Care > Cosmetics > Skin Care,1 l,75 ml,FALSE
La Biosthétique Comforting Hydro Mask,003745,"Het kalmerende en regenererende masker optimaliseert de vochthuishouding van de huid en helpt om gezond, veerkrachtig en stralend aan haar belangrijke taken te voldoen.",https://www.labiosthetique.nl/nl/comforting-hydro-mask,https://img.labiosthetique.de/live-ecs/resize-cover/500/0/c/o/comforting_hydro_mask_392042_75ml_3bdbf86.jpg/comforting_hydro_mask_392042_75ml_3bdbf86.jpg,"39,00 EUR",new,in stock,4040218868340,La Biosthétique,75 ml,Huidverzorging,Health & Beauty > Personal Care > Cosmetics > Skin Care,1 l,75 ml,FALSE
La Biosthétique Botanique Balancing Toner,182017,"Verzachtende hydrospray voor de gevoelige gezichtshuid, hydrateert, verzacht en verkoelt de geïrriteerde huid. Geurvrij ",https://www.labiosthetique.nl/nl/botanique-balancing-toner?childSku=4040218804737,https://img.labiosthetique.de/live-ecs/resize-cover/500/0/b/o/botanique_balancing_toner_114375_50ml_d286add.jpg/botanique_balancing_toner_114375_50ml_d286add.jpg,"8,50 EUR",new,in stock,4040218804737,La Biosthétique,50 ml,Huidverzorging,Health & Beauty > Personal Care > Cosmetics > Skin Care,,50 ml,FALSE
La Biosthétique Lotion Desincrustante,002362,"Tegen verstopte poriën: Lotion Desincrustante maakt de buitenste laag huidcellen los en verwijdert zo de talg uit verstopte poriën. Zo zorgt de lotion voor een heldere, zuivere teint en voorkomt ontstekingen.",https://www.labiosthetique.nl/nl/lotion-desincrustante,https://img.labiosthetique.de/live-ecs/resize-cover/500/0/l/o/lotion_desincrustante_247999_100ml_02c8b84.jpg/lotion_desincrustante_247999_100ml_02c8b84.jpg,"32,50 EUR",new,in stock,4040218793536,La Biosthétique,100 ml,Huidverzorging,Health & Beauty > Personal Care > Cosmetics > Skin Care,1 l,100 ml,FALSE
La Biosthétique Sun Care Body Lotion SPF 30,002871,"Met een combinatie van effectieve UV-filters, celactieve natuurlijke werkzame stoffen en een bruiningsactivator beschermt de waterbestendige, voedende zonnebrandmelk de huid tegen door de zon veroorzaakte schade en helpt tegelijkertijd om een mooie, egale bruine teint te krijgen.",https://www.labiosthetique.nl/nl/sun-care-body-lotion-spf-30?childSku=4040218866636,https://img.labiosthetique.de/live-ecs/resize-cover/500/0/s/u/sun_care_body_lotion_spf_30_356881_50ml_f7f883c.jpg/sun_care_body_lotion_spf_30_356881_50ml_f7f883c.jpg,"13,50 EUR",new,in stock,4040218866636,La Biosthétique,50 ml,Huidverzorging,Health & Beauty > Personal Care > Cosmetics > Skin Care,1 l,50 ml,FALSE
La Biosthétique Homme Hair Beard Body Wash,003928,"3-in-1: douchegel, shampoo en baardshampoo in één. Dit verleidelijk geurende all-in-one product reinigt mild en effectief, en is verzorgend voor huid en haar.",https://www.labiosthetique.nl/nl/hair-beard-body-wash?childSku=4040218802535,https://img.labiosthetique.de/live-ecs/resize-cover/500/0/h/o/homme_hair_beard_body_wash_247991_200ml_c1dd3ff.jpg/homme_hair_beard_body_wash_247991_200ml_c1dd3ff.jpg,"23,00 EUR",new,in stock,4040218802535,La Biosthétique,200 ml,"Haar- & hoofdhuidverzorging,Huidverzorging","Health & Beauty > Personal Care > Hair Care,Health & Beauty > Personal Care > Cosmetics > Skin Care",1 l,200 ml,FALSE
La Biosthétique Revitalising Lipid Cream,004398,"De lipidencrème verzacht en voedt de droge huid, stabiliseert het collageengehalte en ondersteunt de huid met zorgvuldig gecoördineerde werkingsmechanismen tegen verouderingsprocessen.",https://www.labiosthetique.nl/nl/revitalising-lipid-cream,https://img.labiosthetique.de/live-ecs/resize-cover/500/0/r/e/revitalising_lipid_cream_382750_50ml_baa8bd7.jpg/revitalising_lipid_cream_382750_50ml_baa8bd7.jpg,"86,00 EUR",new,in stock,4040218867435,La Biosthétique,50 ml,Huidverzorging,Health & Beauty > Personal Care > Cosmetics > Skin Care,1 l,50 ml,FALSE
La Biosthétique Dermosthétique Age Reversing Night Cream,002884,"Het biomimetische werkingsprincipe en het AGE³-complex ondersteunen het herstel van de huid gedurende de nacht om verouderingsprocessen tegen te gaan, de huid te verstevigen en te verjongen.",https://www.labiosthetique.nl/nl/age3-age-reversing-night-cream,https://img.labiosthetique.de/live-ecs/resize-cover/500/0/d/e/dermosth_tique_age_reversing_night_cream_247971_50ml_b52b49e.jpg/dermosth_tique_age_reversing_night_cream_247971_50ml_b52b49e.jpg,"115,50 EUR",new,in stock,4040218846034,La Biosthétique,50 ml,Huidverzorging,Health & Beauty > Personal Care > Cosmetics > Skin Care,1 l,50 ml,FALSE
La Biosthétique Comforting Light Fluid,003696,"De prebiotische gezichtsfluid voor de gevoelige huid stabiliseert de gezonde huidflora en kalmeert de geïrriteerde huid. De vloeistof bindt vocht in de huid, versterkt de beschermende barrièrelaag en zorgt voor een zachte, stralende teint. ",https://www.labiosthetique.nl/nl/comforting-light-fluid,https://img.labiosthetique.de/live-ecs/resize-cover/500/0/c/o/comforting_light_fluid_392031_50ml_8f93b75.jpg/comforting_light_fluid_392031_50ml_8f93b75.jpg,"48,50 EUR",new,in stock,4040218868234,La Biosthétique,50 ml,Huidverzorging,Health & Beauty > Personal Care > Cosmetics > Skin Care,1 l,50 ml,FALSE
La Biosthétique Skin Care Set Méthode Sensitive,123198,"Maak kennis met onze nieuwe producten van Methode Sensitive Skincare in handige reisverpakkingen en gun uw huid een weldadige pauze! De combinatie van Comforting Micellar Cleansing Milk (50 ml), Comforting Hydro Toner (50 ml), Comforting Lipid Cream (10 ml) en Comforting Hydro Cream (10 ml) kalmeert een gevoelige, geïrriteerde huid en voorziet haar intensief van vocht – voor merkbaar ontspannen, evenwichtige huid. ",https://www.labiosthetique.nl/nl/skin-care-set-methode-sensitive,https://img.labiosthetique.de/live-ecs/resize-cover/500/0/s/k/skin_care_set_m_thode_sensitive_411784_1Set_9798982.jpg/skin_care_set_m_thode_sensitive_411784_1Set_9798982.jpg,"42,50 EUR",new,in stock,4040218879933,La Biosthétique,1 set,Huidverzorging,Health & Beauty > Personal Care > Cosmetics > Skin Care,,1 set,FALSE
La Biosthétique Protective Lipid Capsules,003584,"Mit ihrem hohen Gehalt an Fettsäuren, die denen der Haut ähneln, stärken und beruhigen Protective Lipid Capsules trockene Haut, schützen vor Austrocknung und verbessern die Schutzbarriere. ",https://www.labiosthetique.nl/nl/protective-lipid-capsules?childSku=4040218834932,https://img.labiosthetique.de/live-ecs/resize-cover/500/0/p/r/protective_lipid_capsules_248053_7Kapseln_713f065.jpg/protective_lipid_capsules_248053_7Kapseln_713f065.jpg,"16,00 EUR",new,in stock,4040218834932,La Biosthétique,7 capsules,Huidverzorging,Health & Beauty > Personal Care > Cosmetics > Skin Care,,7 capsules,FALSE
La Biosthétique Dermosthétique Hyaluronic Acid Hydrating Concentrate,002282,"Het zeer werkzame hydroconcentraat met hyaluronzuur hydrateert de huid intensief, maakt haar van binnenuit voller, vermindert rimpels en verfijnt de huidstructuur.",https://www.labiosthetique.nl/nl/dermosthetique-hyaluronic-acid-hydrating-concentrate,https://img.labiosthetique.de/live-ecs/resize-cover/500/0/d/e/dermosth_tique_hyaluronic_acid_hydrating_concentrate_247945_30ml_55fe8af.jpg/dermosth_tique_hyaluronic_acid_hydrating_concentrate_247945_30ml_55fe8af.jpg,"94,50 EUR",new,in stock,4040218846232,La Biosthétique,30 ml,Huidverzorging,Health & Beauty > Personal Care > Cosmetics > Skin Care,1 l,30 ml,FALSE
La Biosthétique Visarôme Ridulé,003031,"De ontspannende aromaolie Visarôme Ridulé vermindert irritaties en huidprikkelingen en kalmeert de droge, gevoelige huid met waardevolle etherische oliën.",https://www.labiosthetique.nl/nl/visarome-ridule,https://img.labiosthetique.de/live-ecs/resize-cover/500/0/v/i/visar_me_ridul_248045_15ml_fd05a38.jpg/visar_me_ridul_248045_15ml_fd05a38.jpg,"62,00 EUR",new,in stock,4040218003031,La Biosthétique,15 ml,Huidverzorging,Health & Beauty > Personal Care > Cosmetics > Skin Care,1 l,15 ml,FALSE
La Biosthétique Belesthétique The Eye Cream,002329,"Met werkcomplexen uit exclusieve plantenextracten ontspant, lift en definieert The Eye Cream de gevoelige huid rond ogen en lippen, en geeft haar op natuurlijke wijze haar jeugdige uitstraling terug. ",https://www.labiosthetique.nl/nl/belesthetique-the-eye-cream,https://img.labiosthetique.de/live-ecs/resize-cover/500/0/b/e/belesth_tique_the_eye_cream_247899_15ml_e46b486.jpg/belesth_tique_the_eye_cream_247899_15ml_e46b486.jpg,"113,00 EUR",new,in stock,4040218813531,La Biosthétique,15 ml,Huidverzorging,Health & Beauty > Personal Care > Cosmetics > Skin Care,1 l,15 ml,FALSE
La Biosthétique Homme After Shave Face & Beard Care,003999,Voor fluweelzachte huid en zacht baardhaar. Dit verzorgende all-in-one product verkwikt en voorziet de cellen van een extra dosis zuurstof.,https://www.labiosthetique.nl/nl/after-shave-face-beard-care,https://img.labiosthetique.de/live-ecs/resize-cover/500/0/h/o/homme_after_shave_face_beard_care_247997_75ml_2ab39a1.jpg/homme_after_shave_face_beard_care_247997_75ml_2ab39a1.jpg,"26,00 EUR",new,in stock,4040218802627,La Biosthétique,75 ml,Huidverzorging,Health & Beauty > Personal Care > Cosmetics > Skin Care,1 l,75 ml,FALSE
La Biosthétique Dermosthétique Age Reversing Day Cream,002858,"De innovatieve crèmeformule beschermt en vitaliseert de huid, vertraagt verouderingsprocessen en laat u er elke dag een beetje jonger uitzien. ",https://www.labiosthetique.nl/nl/age3-age-complex-reversing-day-cream,https://img.labiosthetique.de/live-ecs/resize-cover/500/0/d/e/dermosth_tique_age_reversing_day_cream_247967_50ml_b4230f6.jpg/dermosth_tique_age_reversing_day_cream_247967_50ml_b4230f6.jpg,"115,50 EUR",new,in stock,4040218846027,La Biosthétique,50 ml,Huidverzorging,Health & Beauty > Personal Care > Cosmetics > Skin Care,1 l,50 ml,FALSE
La Biosthétique Lip Booster,019985,"De lipverzorgende gloss zorgt voor een extra boost volume en vocht. Lip Booster zorgt voor soepele, volle lippen. ",https://www.labiosthetique.nl/nl/lip-booster,https://img.labiosthetique.de/live-ecs/resize-cover/500/0/l/i/lip_booster_324383_3_5ml_8cf78b7.jpg/lip_booster_324383_3_5ml_8cf78b7.jpg,"33,50 EUR",new,in stock,4040218809725,La Biosthétique,"3,5 ml","Make-up,Huidverzorging","Health & Beauty > Personal Care > Cosmetics > Makeup,Health & Beauty > Personal Care > Cosmetics > Skin Care",,"3,5 ml",FALSE
La Biosthétique Dermosthétique Hyaluronic Acid Hydrating Toner,002665,"De lichte formule met hyaluronzuur verfrist en regenereert de huid, voorkomt uitdroging en ondersteunt de opname van de volgende verzorgingsstoffen.",https://www.labiosthetique.nl/nl/dermosthetique-acid-hydrating-toner,https://img.labiosthetique.de/live-ecs/resize-cover/500/0/d/e/dermosth_tique_hyaluronic_acid_hydrating_toner_247959_200ml_917c0fb.jpg/dermosth_tique_hyaluronic_acid_hydrating_toner_247959_200ml_917c0fb.jpg,"44,00 EUR",new,in stock,4040218846225,La Biosthétique,200 ml,Huidverzorging,Health & Beauty > Personal Care > Cosmetics > Skin Care,1 l,200 ml,FALSE
La Biosthétique Revitalising Aroma Complex,003063,Het aromatisch geurende concentraat van geselecteerde essentiële oliën met energiegevende eigenschappen wekt de zintuigen en revitaliseert de huid als onderdeel van een holistische gezichtsbehandeling.,https://www.labiosthetique.nl/nl/revitalising-aroma-complex,https://img.labiosthetique.de/live-ecs/resize-cover/500/0/r/e/revitalising_aroma_complex_384870_10ml_5524909.jpg/revitalising_aroma_complex_384870_10ml_5524909.jpg,"40,00 EUR",new,in stock,4040218869125,La Biosthétique,10 ml,Huidverzorging,Health & Beauty > Personal Care > Cosmetics > Skin Care,1 l,10 ml,FALSE
La Biosthétique Visarôme Intoxiné,003024,"Het stimulerende concentraat Visarôme Intoxiné verwijdert onzuiverheden en ontvouwt dankzij waardevolle etherische oliën een weldadige werking op lichaam, geest en daardoor vooral op de huid.",https://www.labiosthetique.nl/nl/visarome-intoxine,https://img.labiosthetique.de/live-ecs/resize-cover/500/0/v/i/visar_me_intoxin_248003_15ml_157b251.jpg/visar_me_intoxin_248003_15ml_157b251.jpg,"62,00 EUR",new,in stock,4040218003024,La Biosthétique,15 ml,Huidverzorging,Health & Beauty > Personal Care > Cosmetics > Skin Care,1 l,15 ml,FALSE
La Biosthétique Douceur Sensitive Hydratante,003625,"Voor extra hydratatie: Douceur Sensitive Hydratante herstelt en beschermt droge, gevoelige huid met de waardevolle componenten van plantaardige oliën",https://www.labiosthetique.nl/nl/douceur-sensitive-hydratante,https://img.labiosthetique.de/live-ecs/resize-cover/500/0/d/o/douceur_sensitive_hydratante_248055_50ml_fdfc081.jpg/douceur_sensitive_hydratante_248055_50ml_fdfc081.jpg,"44,00 EUR",new,in stock,4040218792324,La Biosthétique,50 ml,Huidverzorging,Health & Beauty > Personal Care > Cosmetics > Skin Care,1 l,50 ml,FALSE
La Biosthétique Spa Long Lasting Roll-on Antiperspirant,002915,De hele dag langdurige frisheid en effectieve werking: Deodorant met de harmoniserende geurcompositie van de wellness-lichaamsverzorgingslijn Spa.,https://www.labiosthetique.nl/nl/spa-longlasting-antiperspirant,https://img.labiosthetique.de/live-ecs/resize-cover/500/0/s/p/spa_long_lasting_roll_on_antiperspirant_329749_50ml_a1cc152.jpg/spa_long_lasting_roll_on_antiperspirant_329749_50ml_a1cc152.jpg,"24,00 EUR",new,in stock,4040218856224,La Biosthétique,50 ml,Huidverzorging,Health & Beauty > Personal Care > Cosmetics > Skin Care,1 l,50 ml,FALSE
La Biosthétique Spa Heart Soap,003994,Milde wellness-zeep voor het reinigen van gezicht en lichaam.,https://www.labiosthetique.nl/nl/spa-wellness-soap?childSku=4040218866124,https://img.labiosthetique.de/live-ecs/resize-cover/500/0/s/p/spa_heart_soap_329821_25g_6d7a278.jpg/spa_heart_soap_329821_25g_6d7a278.jpg,"8,50 EUR",new,in stock,4040218866124,La Biosthétique,25 g,Huidverzorging,Health & Beauty > Personal Care > Cosmetics > Skin Care,,25 g,FALSE
La Biosthétique Spa Intensive Hand Care,003731,Vooreen intensieve verzorging van de droge huid van de handen.,https://www.labiosthetique.nl/nl/spa-intensive-hand-care?childSku=4040218856323,https://img.labiosthetique.de/live-ecs/resize-cover/500/0/s/p/spa_intensive_hand_care_329803_50ml_6a8b7d3.jpg/spa_intensive_hand_care_329803_50ml_6a8b7d3.jpg,"21,00 EUR",new,in stock,4040218856323,La Biosthétique,50 ml,Huidverzorging,Health & Beauty > Personal Care > Cosmetics > Skin Care,1 l,50 ml,FALSE
La Biosthétique Sun Care Invisible Body Spray SPF 20,002842,"De zon lonkt, maar u hebt geen zin en tijd om u royaal in te smeren? Als u haast hebt, dan is de Sun Care Invisible Body Spray SPF 20 het snelle alternatief. Net zo snel op te spuiten als het duurt om een parasol te openen.",https://www.labiosthetique.nl/nl/sun-care-invisible-body-spray-spf-20,https://img.labiosthetique.de/live-ecs/resize-cover/500/0/s/u/sun_care_invisible_body_spray_spf_20_248085_150ml_8e01b93.jpg/sun_care_invisible_body_spray_spf_20_248085_150ml_8e01b93.jpg,"37,00 EUR",new,in stock,4040218837322,La Biosthétique,150 ml,Huidverzorging,Health & Beauty > Personal Care > Cosmetics > Skin Care,1 l,150 ml,FALSE
La Biosthétique Dermosthétique Retinol Booster Firming Body Cream,002501,Het intelligente lichaamsverzorgende product stimuleert het huideigen retinol en zorgt zo voor een versteviging van de huid. ,https://www.labiosthetique.nl/nl/dermosthetique-retinol-firming-body-cream,https://img.labiosthetique.de/live-ecs/resize-cover/500/0/d/e/dermosth_tique_retinol_booster_firming_body_cream_334255_200ml_b406489.jpg/dermosth_tique_retinol_booster_firming_body_cream_334255_200ml_b406489.jpg,"65,00 EUR",new,in stock,4040218867022,La Biosthétique,200 ml,Huidverzorging,Health & Beauty > Personal Care > Cosmetics > Skin Care,1 l,200 ml,FALSE
La Biosthétique Comforting Aroma Complex,003072,Het aromatisch geurende concentraat van geselecteerde essentiële oliën kalmeert en ontspant zowel de ziel als de gezichtshuid als onderdeel van een holistische gezichtsbehandeling.,https://www.labiosthetique.nl/nl/comforting-aroma-complex,https://img.labiosthetique.de/live-ecs/resize-cover/500/0/c/o/comforting_aroma_complex_384882_10ml_5200663.jpg/comforting_aroma_complex_384882_10ml_5200663.jpg,"40,00 EUR",new,in stock,4040218873122,La Biosthétique,10 ml,Huidverzorging,Health & Beauty > Personal Care > Cosmetics > Skin Care,1 l,10 ml,FALSE
La Biosthétique Spa Relaxing Bath Essence,003472,Ontspannende badessence ,https://www.labiosthetique.nl/nl/spa-relaxing-bath-essence,https://img.labiosthetique.de/live-ecs/resize-cover/500/0/s/p/spa_relaxing_bath_essence_329773_20g_2e88df2.jpg/spa_relaxing_bath_essence_329773_20g_2e88df2.jpg,"7,50 EUR",new,in stock,4040218856521,La Biosthétique,20 g,Huidverzorging,Health & Beauty > Personal Care > Cosmetics > Skin Care,1 g,20 g,FALSE
La Biosthétique Revitalising Capsules,002147,"Revitalising Capsules maken het uitgebalanceerde verzorgingsconcept van Méthode Régénérante compleet. Elke lipidecapsule bevat een zeer effectieve cocktail van waardevolle oliën die diepwerkend revitaliseren, intensief verzorgen en een zijdeachtig huidgevoel geven. ",https://www.labiosthetique.nl/nl/revitalising-capsules?childSku=4040218872521,https://img.labiosthetique.de/live-ecs/resize-cover/500/0/r/e/revitalising_capsules_389019_60Kapseln_5da1b36.jpg/revitalising_capsules_389019_60Kapseln_5da1b36.jpg,"115,50 EUR",new,in stock,4040218872521,La Biosthétique,60 capsules,Huidverzorging,Health & Beauty > Personal Care > Cosmetics > Skin Care,,60 capsules,FALSE
La Biosthétique Clair de Teint Clarifiant,003773,Tegen vette huid: Clair de Teint Clarifiant reinigt grondig tot in de poriën en geeft de huid daarna een heldere en mooie uitstraling,https://www.labiosthetique.nl/nl/clair-de-teint-clarifiant,https://img.labiosthetique.de/live-ecs/resize-cover/500/0/c/l/clair_de_teint_clarifiant_248005_250ml_a22ef02.jpg/clair_de_teint_clarifiant_248005_250ml_a22ef02.jpg,"28,50 EUR",new,in stock,4040218793420,La Biosthétique,250 ml,Huidverzorging,Health & Beauty > Personal Care > Cosmetics > Skin Care,1 l,250 ml,FALSE
La Biosthétique Belesthétique The Cream,002042,Met krachtige plantaardige ingrediënten en een exclusieve anti-aging fytocomplex met iris en witte truffel liftt The Cream de gelaatscontour zichtbaar en helpt het de huid haar tijdloze schoonheid en jeugd te behouden. ,https://www.labiosthetique.nl/nl/belesthetique-the-cream,https://img.labiosthetique.de/live-ecs/resize-cover/500/0/b/e/belesth_tique_the_cream_247895_50ml_f1f8703.jpg/belesth_tique_the_cream_247895_50ml_f1f8703.jpg,"259,00 EUR",new,in stock,4040218813517,La Biosthétique,50 ml,Huidverzorging,Health & Beauty > Personal Care > Cosmetics > Skin Care,1 l,50 ml,FALSE
La Biosthétique Dermosthétique Hyaluronic Acid Hydrating Capsules,003268,"Met werkzame stoffen uit de zee en sterk geconcentreerde lipide-extracten, levert elke capsule meerlagig vocht en houdt het vast in de huid, waardoor deze direct gladder, steviger en zachter aanvoelt.",https://www.labiosthetique.nl/nl/dermosthetique-hyaluronic-acid-hydrating-capsules?childSku=4040218830217,https://img.labiosthetique.de/live-ecs/resize-cover/500/0/d/e/dermosth_tique_hyaluronic_acid_hydrating_capsules_266959_60Kapseln_b98f9c9.jpg/dermosth_tique_hyaluronic_acid_hydrating_capsules_266959_60Kapseln_b98f9c9.jpg,"115,50 EUR",new,in stock,4040218830217,La Biosthétique,60 capsules,Huidverzorging,Health & Beauty > Personal Care > Cosmetics > Skin Care,,60 capsules,FALSE
La Biosthétique Dermosthétique Vitamin C + Niacin Illuminating Concentrate,002294,"De geconcentreerde kracht van twee vitamines vermindert pigmentatiestoornissen en zorgt voor een evenwichtige, heldere teint met een jeugdige uitstraling. ",https://www.labiosthetique.nl/nl/dermosthetique-vitamin-c-niacin-illuminating-concentrate,https://img.labiosthetique.de/live-ecs/resize-cover/500/0/d/e/dermosth_tique_vitamin_c_niacin_illuminating_concentrate_247949_30ml_a3def97.jpg/dermosth_tique_vitamin_c_niacin_illuminating_concentrate_247949_30ml_a3def97.jpg,"94,50 EUR",new,in stock,4040218846416,La Biosthétique,30 ml,Huidverzorging,Health & Beauty > Personal Care > Cosmetics > Skin Care,1 l,30 ml,FALSE
La Biosthétique Sun Care Body Lotion SPF 30,002821,"Met een combinatie van effectieve UV-filters, celactieve natuurlijke werkzame stoffen en een bruiningsactivator beschermt de waterbestendige, voedende zonnebrandmelk de huid tegen door de zon veroorzaakte schade en helpt tegelijkertijd om een mooie, egale bruine teint te krijgen.",https://www.labiosthetique.nl/nl/sun-care-body-lotion-spf-30?childSku=4040218837315,https://img.labiosthetique.de/live-ecs/resize-cover/500/0/s/u/sun_care_body_lotion_spf_30_248083_200ml_39dabad.jpg/sun_care_body_lotion_spf_30_248083_200ml_39dabad.jpg,"47,00 EUR",new,in stock,4040218837315,La Biosthétique,200 ml,Huidverzorging,Health & Beauty > Personal Care > Cosmetics > Skin Care,1 l,200 ml,FALSE
La Biosthétique Spa Wellness Soap,003923,Milde wellness-zeep voor het reinigen van gezicht en lichaam.,https://www.labiosthetique.nl/nl/spa-wellness-soap?childSku=4040218856415,https://img.labiosthetique.de/live-ecs/resize-cover/500/0/s/p/spa_wellness_soap_329821_50g_6d7a278.jpg/spa_wellness_soap_329821_50g_6d7a278.jpg,"10,50 EUR",new,in stock,4040218856415,La Biosthétique,50 g,Huidverzorging,Health & Beauty > Personal Care > Cosmetics > Skin Care,1 kg,50 g,FALSE
La Biosthétique Feel the Glow Set,012972,Exclusief voor Moederdag hebben de huidverzorgingsexperts van La Biosthétique een driedelige Glow Kit samengesteld. Samen met de AGE³ Complex Lifting Eye Cream en een reisformaat van de AGE³ Complex Age Reversing Day Cream tover je een stralende gloed op het gezicht van je moeder. Het Vitamin C and Niacin Illuminating Concentrate is gratis inbegrepen! ,https://www.labiosthetique.nl/nl/skin-glow-set-dermosthetique-2025,https://img.labiosthetique.de/live-ecs/resize-cover/500/0/f/e/feel_the_glow_set_399999_1Set_597e0bc.jpg/feel_the_glow_set_399999_1Set_597e0bc.jpg,"99,00 EUR",new,in stock,4040218884012,La Biosthétique,1 set,Huidverzorging,Health & Beauty > Personal Care > Cosmetics > Skin Care,,1 set,FALSE
La Biosthétique Homme Deodorant Spray,003978,Voor dagelijks gebruik: krachtige antitranspirant met tot 24 uur bescherming tegen vochtige oksels en lichaamsgeur.,https://www.labiosthetique.nl/nl/deodorant-spray,https://img.labiosthetique.de/live-ecs/resize-cover/500/0/h/o/homme_deodorant_spray_260731_100ml_b9b45da.jpg/homme_deodorant_spray_260731_100ml_b9b45da.jpg,"23,00 EUR",new,in stock,4040218803211,La Biosthétique,100 ml,Huidverzorging,Health & Beauty > Personal Care > Cosmetics > Skin Care,1 l,100 ml,FALSE
La Biosthétique Clair de Teint Sensitif,003582,Biomimetische emulsie die bijzonder geschikt is voor gevoelige huidtypen: reinigt mild en geeft de huid daarna een heldere en frisse uitstraling,https://www.labiosthetique.nl/nl/clair-de-teint-sensitif?childSku=4040218790610,https://img.labiosthetique.de/live-ecs/resize-cover/500/0/c/l/clair_de_teint_sensitif_248051_250ml_abbd30d.jpg/clair_de_teint_sensitif_248051_250ml_abbd30d.jpg,"28,50 EUR",new,in stock,4040218790610,La Biosthétique,250 ml,Huidverzorging,Health & Beauty > Personal Care > Cosmetics > Skin Care,1 l,250 ml,FALSE
La Biosthétique Clarifying Clay Mask,027161,"Het zuiverende kleimasker absorbeert overtollige talg en heeft een diep reinigende, kalmerende en matterende werking. ",https://www.labiosthetique.nl/nl/clarifying-clay-mask,https://img.labiosthetique.de/live-ecs/resize-cover/500/0/c/l/clarifying_clay_mask_396294_75ml_67f1c5e.jpg/clarifying_clay_mask_396294_75ml_67f1c5e.jpg,"31,50 EUR",new,in stock,4040218882810,La Biosthétique,75 ml,Huidverzorging,Health & Beauty > Personal Care > Cosmetics > Skin Care,1 l,75 ml,FALSE
La Biosthétique After Sun Soothing Facial Cream,002685,De lichte crème kalmeert en hydrateert de door de zon gestreste huid en gaat beschadiging door licht tegen met natuurlijke antioxidanten.,https://www.labiosthetique.nl/nl/after-sun-soothing-face-cream,https://img.labiosthetique.de/live-ecs/resize-cover/500/0/a/f/after_sun_soothing_facial_cream_248081_50ml_9c9f25b.jpg/after_sun_soothing_facial_cream_248081_50ml_9c9f25b.jpg,"37,00 EUR",new,in stock,4040218837308,La Biosthétique,50 ml,Huidverzorging,Health & Beauty > Personal Care > Cosmetics > Skin Care,1 l,50 ml,FALSE
La Biosthétique Dermosthétique Agave Inulin Lifting Concentrate,002890,"Het liftende concentraat heeft een onmiddellijk en langdurig verstevigend effect. Het cosmetische alternatief voor botox vermindert zichtbaar alle soorten rimpels, herstructureert de huid en geeft haar nieuwe energie. ",https://www.labiosthetique.nl/nl/dermosthetique-agave-inulin-lifting-concentrate,https://img.labiosthetique.de/live-ecs/resize-cover/500/0/d/e/dermosth_tique_agave_inulin_lifting_concentrate_247977_30ml_038adc4.jpg/dermosth_tique_agave_inulin_lifting_concentrate_247977_30ml_038adc4.jpg,"94,50 EUR",new,in stock,4040218846508,La Biosthétique,30 ml,Huidverzorging,Health & Beauty > Personal Care > Cosmetics > Skin Care,1 l,30 ml,FALSE
La Biosthétique Spa Refreshing Body Peeling,002004,Verfrissende scrub voor het lichaam ,https://www.labiosthetique.nl/nl/spa-refreshing-body-peeling?childSku=4040218856507,https://img.labiosthetique.de/live-ecs/resize-cover/500/0/s/p/spa_refreshing_body_peeling_329635_50ml_708069f.jpg/spa_refreshing_body_peeling_329635_50ml_708069f.jpg,"11,50 EUR",new,in stock,4040218856507,La Biosthétique,50 ml,Huidverzorging,Health & Beauty > Personal Care > Cosmetics > Skin Care,1 l,50 ml,FALSE
La Biosthétique Cold Cream,002155,"Extreem rijke, beschermende crème voor zeer gevoelige gezichtshuid: een vervelend trekkerig gevoel wordt direct en merkbaar verzacht",https://www.labiosthetique.nl/nl/cold-cream,https://img.labiosthetique.de/live-ecs/resize-cover/500/0/c/o/cold_cream_248043_30ml_e26eada.jpg/cold_cream_248043_30ml_e26eada.jpg,"38,00 EUR",new,in stock,4040218825305,La Biosthétique,30 ml,Huidverzorging,Health & Beauty > Personal Care > Cosmetics > Skin Care,1 l,30 ml,FALSE
La Biosthétique Daily Care Lipstick,019517,"De lipverzorgende stick maakt gebarsten lippen weer zijdezacht, houdt veel vocht vast en geeft een natuurlijke glans - dag in dag uit. ",https://www.labiosthetique.nl/nl/daily-care?childSku=4040218810004,https://img.labiosthetique.de/live-ecs/resize-cover/500/0/d/a/daily_care_lipstick_247703_3_3g_2d6986d.jpg/daily_care_lipstick_247703_3_3g_2d6986d.jpg,"28,50 EUR",new,in stock,4040218810004,La Biosthétique,"3,3 g","Make-up,Huidverzorging","Health & Beauty > Personal Care > Cosmetics > Makeup,Health & Beauty > Personal Care > Cosmetics > Skin Care",,"3,3 g",FALSE
La Biosthétique Revitalising Hydro Cream,004352,De lichte hydrocrème lest de dorst van de vochtarme huid tot in de cellen en vertraagt tegelijkertijd de basisverouderingsmechanismen. ,https://www.labiosthetique.nl/nl/revitalising-hydro-cream,https://img.labiosthetique.de/live-ecs/resize-cover/500/0/r/e/revitalising_hydro_cream_382747_50ml_f2ebfa9.jpg/revitalising_hydro_cream_382747_50ml_f2ebfa9.jpg,"86,00 EUR",new,in stock,4040218867404,La Biosthétique,50 ml,Huidverzorging,Health & Beauty > Personal Care > Cosmetics > Skin Care,1 l,50 ml,FALSE
La Biosthétique Clarifying Fruit Exfoliant,003705,"De zuiverende fruitextractpeeling heeft een diep reinigende werking op de onzuivere huid,  ontstopt de poriën en zorgt voor een heldere, zuivere teint. ",https://www.labiosthetique.nl/nl/clarifying-fruit-exfoliant,https://img.labiosthetique.de/live-ecs/resize-cover/500/0/c/l/clarifying_fruit_exfoliant_400571_100ml_f1db8f4.jpg/clarifying_fruit_exfoliant_400571_100ml_f1db8f4.jpg,"29,50 EUR",new,in stock,4040218882704,La Biosthétique,100 ml,Huidverzorging,Health & Beauty > Personal Care > Cosmetics > Skin Care,1 l,100 ml,FALSE
La Biosthétique Comforting Hydro Toner,003678,"De weldadige gezichtstonic verlicht de symptomen van een gevoelige, geïrriteerde huid, hydrateert deze rijkelijk en bereidt haar optimaal voor op de volgende verzorgingsstappen.",https://www.labiosthetique.nl/nl/comforting-hydro-toner?childSku=4040218868203,https://img.labiosthetique.de/live-ecs/resize-cover/500/0/c/o/comforting_hydro_toner_392015_250ml_7d4999b.jpg/comforting_hydro_toner_392015_250ml_7d4999b.jpg,"29,50 EUR",new,in stock,4040218868203,La Biosthétique,250 ml,Huidverzorging,Health & Beauty > Personal Care > Cosmetics > Skin Care,1 l,250 ml,FALSE
La Biosthétique Likopan Gel,002717,Snelle eerstehulp bij puistjes en mee-eters: ontstekingen worden zichtbaar minder en verdwijnen sneller,https://www.labiosthetique.nl/nl/likopan-gel,https://img.labiosthetique.de/live-ecs/resize-cover/500/0/l/i/likopan_gel_248001_15ml_f00907c.jpg/likopan_gel_248001_15ml_f00907c.jpg,"29,50 EUR",new,in stock,4040218801101,La Biosthétique,15 ml,Huidverzorging,Health & Beauty > Personal Care > Cosmetics > Skin Care,1 l,15 ml,FALSE
La Biosthétique Dermosthétique Redefining Lip Balm,002575,"Meer dan een lippendienst: de lippenbalsem voorziet de droge huid van vocht en lipiden. De lippen worden zacht en mild verzorgd, terwijl een innovatief actief complex de tekenen van veroudering van de lipcontour tegengaat.",https://www.labiosthetique.nl/nl/dermosthetique-age-3-redefining-lip-balm,https://img.labiosthetique.de/live-ecs/resize-cover/500/0/d/e/dermosth_tique_redefining_lip_balm_247957_15ml_6f02bd5.jpg/dermosth_tique_redefining_lip_balm_247957_15ml_6f02bd5.jpg,"33,50 EUR",new,in stock,4040218846201,La Biosthétique,15 ml,Huidverzorging,Health & Beauty > Personal Care > Cosmetics > Skin Care,1 l,15 ml,FALSE
La Biosthétique Spa Aluminium free Roll-on Deodorant,002302,Verfrissend anders.,https://www.labiosthetique.nl/nl/spa-aluminium-free-roll-on-deodorant,https://img.labiosthetique.de/live-ecs/resize-cover/500/0/s/p/spa_aluminium_free_roll_on_deodorant_329705_50ml_7e6892d.jpg/spa_aluminium_free_roll_on_deodorant_329705_50ml_7e6892d.jpg,"24,00 EUR",new,in stock,4040218856200,La Biosthétique,50 ml,Huidverzorging,Health & Beauty > Personal Care > Cosmetics > Skin Care,1 l,50 ml,FALSE
